player_id,api_player_id,note
47,pl_96242662,Gabriel (ARS) = Gabriel Magalhaes - bare first name; three Gabriels at Arsenal
356,pl_08304928,Djordje Petrovic (BOU) = Dorde Petrovic - D-stroke lost in transliteration
34,pl_83649967,Eli Kroupi (BOU) = Eli Junior Kroupi - middle name in API
345,pl_84734922,Dan Ballard (SUN) = Daniel Ballard - short form vs legal name
234,pl_25298356,Josh King (FUL) = Joshua King - short form vs legal name
206,pl_08345800,Eddie Nketiah (CRY) = Edward Nketiah - short form vs legal name
378,pl_97638987,Jair Cunha (NFO) = Jair - bare name in API
529,pl_72714744,Hakon Valdimarsson (BRE) = Hakon Rafn Valdimarsson - middle name in API
237,pl_83067647,Kaye Furo (BRE) = Kaye Iyowuna Furo - middle name in API
