Tournament,PlayerID,Name,FName,Club,Lineup,Position,Price
1131482,4700617,Nelson,Reiss,ARS,expected,midfielder,5
1131482,4700618,Hincapié,Piero,ARS,expected,defender,6
1131482,4700619,Mosquera,Cristhian,ARS,expected,defender,5.5
1131482,4700620,Gabriel,Gabriel,ARS,expected,defender,6.5
1131482,4700621,White ,Ben,ARS,expected,defender,5.5
1131482,4700622,Saliba,William,ARS,expected,defender,6
1131482,4700623,Raya,David,ARS,expected,goalkeeper,6
1131482,4700624,Calafiori,Riccardo,ARS,expected,defender,6
1131482,4700625,Timber,Jurriën,ARS,expected,defender,6.5
1131482,4700626,Arrizabalaga,Kepa,ARS,expected,goalkeeper,5.5
1131482,4700627,Lewis-Skelly,Myles,ARS,expected,defender,5.5
1131482,4700628,Ødegaard,Martin,ARS,expected,midfielder,7
1131482,4700629,Merino,Mikel,ARS,expected,midfielder,5.5
1131482,4700630,Vieira,Fábio,ARS,expected,midfielder,5.5
1131482,4700631,Nwaneri,Ethan,ARS,expected,midfielder,5.5
1131482,4700632,Nørgaard,Christian,ARS,expected,midfielder,4.5
1131482,4700633,Eze,Eberechi,ARS,expected,midfielder,7.5
1131482,4700634,Zubimendi,Martín,ARS,expected,midfielder,5.5
1131482,4700635,Rice,Declan,ARS,expected,midfielder,7
1131482,4700636,Martinelli,Gabriel,ARS,expected,midfielder,6.5
1131482,4700637,Saka,Bukayo,ARS,expected,midfielder,10
1131482,4700639,Madueke,Noni,ARS,expected,midfielder,6.5
1131482,4700640,Dowman,Max,ARS,expected,midfielder,5
1131482,4700641,Jesus,Gabriel,ARS,expected,forward,5.5
1131482,4700642,Havertz,Kai,ARS,expected,forward,8
1131482,4700643,Gyökeres,Viktor,ARS,expected,forward,9
1131482,4700644,Bah,Juma,MCI,expected,defender,5
1131482,4700645,Foden,Phil,MCI,expected,midfielder,8.5
1131482,4700646,Wilson-Esbrand,Josh,MCI,expected,defender,4.5
1131482,4700647,Anderson,Elliot,MCI,expected,midfielder,6
1131482,4700649,Savinho,Savinho,MCI,expected,midfielder,6
1131482,4700650,Reis,Vitor,MCI,expected,defender,5.5
1131482,4700651,Donnarumma,Gianluigi,MCI,expected,goalkeeper,6
1131482,4700652,González,Nico,MCI,expected,midfielder,5
1131482,4700653,Lewis,Rico,MCI,expected,defender,5.5
1131482,4700654,Doku,Jérémy,MCI,expected,midfielder,7.5
1131482,4700655,Trafford,James,MCI,expected,goalkeeper,5.5
1131482,4700656,Kovacic ,Mateo,MCI,expected,midfielder,4.5
1131482,4700657,Gvardiol ,Josko,MCI,expected,defender,6
1131482,4700658,Echeverri,Claudio,MCI,expected,midfielder,5
1131482,4700659,Guéhi,Marc,MCI,expected,defender,6
1131482,4700660,Aït-Nouri,Rayan,MCI,expected,defender,5.5
1131482,4700661,O'Reilly,Nico,MCI,expected,defender,6.5
1131482,4700662,Dias ,Rúben,MCI,expected,defender,6
1131482,4700663,Rodri,Rodri,MCI,expected,midfielder,5
1131482,4700664,Reijnders,Tijjani,MCI,expected,midfielder,5.5
1131482,4700665,Bettinelli,Marcus,MCI,expected,goalkeeper,5
1131482,4700666,Grealish,Jack,MCI,expected,midfielder,6.5
1131482,4700667,Khusanov,Abdukodir,MCI,expected,defender,5.5
1131482,4700668,Kaboré,Issa,MCI,expected,defender,4.5
1131482,4700669,Cherki,Rayan,MCI,expected,midfielder,8
1131482,4700670,Nunes,Matheus,MCI,expected,defender,6.5
1131482,4700671,Alleyne,Max,MCI,expected,defender,5
1131482,4700672,Phillips ,Kalvin,MCI,expected,midfielder,4.5
1131482,4700673,Haaland,Erling,MCI,expected,forward,12.5
1131482,4700674,Marmoush,Omar,MCI,expected,forward,7
1131482,4700675,Semenyo,Antoine,MCI,expected,midfielder,9.5
1131482,4700676,Bradley,Conor,LIV,expected,defender,5
1131482,4700677,Muñoz,Víctor,LIV,expected,midfielder,5
1131482,4700678,Gravenberch,Ryan,LIV,expected,midfielder,6.5
1131482,4700679,Mamardashvili,Giorgi,LIV,expected,goalkeeper,5
1131482,4700680,Ramsay,Calvin,LIV,expected,defender,4.5
1131482,4700681,Kerkez,Milos,LIV,expected,defender,5.5
1131482,4700682,Tsimikas,Konstantinos,LIV,expected,defender,5
1131482,4700683,Wirtz,Florian,LIV,expected,midfielder,8
1131482,4700684,Jaros,Vitezslav,LIV,expected,goalkeeper,4.5
1131482,4700685,Elliott,Harvey,LIV,expected,midfielder,5
1131482,4700686,Endo,Wataru,LIV,expected,midfielder,4.5
1131482,4700687,van Dijk ,Virgil,LIV,expected,defender,6
1131482,4700688,Jones,Curtis,LIV,expected,midfielder,5
1131482,4700689,Szoboszlai,Dominik,LIV,expected,midfielder,7
1131482,4700690,Nyoni,Trey,LIV,expected,midfielder,4.5
1131482,4700691,Frimpong,Jeremie,LIV,expected,defender,5.5
1131482,4700692,Leoni ,Giovanni,LIV,expected,defender,5
1131482,4700693,Mac Allister,Alexis,LIV,expected,midfielder,6
1131482,4700694,Bajcetic,Stefan,LIV,expected,midfielder,4.5
1131482,4700695,Jacquet,Jérémy,LIV,expected,defender,5.5
1131482,4700696,Gakpo,Cody,LIV,expected,midfielder,7.5
1131482,4700697,Gomez,Joe,LIV,expected,defender,5
1131482,4700698,Alisson,Alisson,LIV,expected,goalkeeper,5.5
1131482,4700699,Woodman,Freddie,LIV,expected,goalkeeper,4.5
1131482,4700700,Ngumoha,Rio,LIV,expected,midfielder,5
1131482,4700701,Ekitiké,Hugo,LIV,expected,forward,8.5
1131482,4700702,Isak,Alexander,LIV,expected,forward,9
1131482,4700703,Chiesa,Federico,LIV,expected,midfielder,5
1131482,4700704,Shaw,Luke,MUN,expected,defender,5
1131482,4700705,Dorgu,Patrick,MUN,expected,defender,5.5
1131482,4700706,Maguire,Harry,MUN,expected,defender,4.5
1131482,4700707,León,Diego,MUN,expected,defender,4.5
1131482,4700708,de Ligt ,Matthijs,MUN,expected,defender,5
1131482,4700709,Martínez,Lisandro,MUN,expected,defender,5
1131482,4700710,Heaven,Ayden,MUN,expected,defender,4.5
1131482,4700711,Yoro,Leny,MUN,expected,defender,5
1131482,4700712,Mazraoui,Noussair,MUN,expected,defender,5
1131482,4700713,Bayındır,Altay,MUN,expected,goalkeeper,4.5
1131482,4700714,Amass,Harry,MUN,expected,defender,4
1131482,4700715,Fredricson,Tyler,MUN,expected,defender,4
1131482,4700716,Dalot,Diogo,MUN,expected,defender,5.5
1131482,4700717,Lammens,Senne,MUN,expected,goalkeeper,5
1131482,4700718,Heaton,Tom,MUN,expected,goalkeeper,4
1131482,4700719,Ugarte,Manuel,MUN,expected,midfielder,4.5
1131482,4700720,Fletcher,Tyler,MUN,expected,midfielder,4.5
1131482,4700721,Gore,Dan,MUN,expected,midfielder,4.5
1131482,4700722,Collyer,Toby,MUN,expected,midfielder,4.5
1131482,4700723,Mainoo,Kobbie,MUN,expected,midfielder,5
1131482,4700724,Fernandes,Bruno,MUN,expected,midfielder,10.5
1131482,4700725,Fletcher,Jack,MUN,expected,midfielder,4.5
1131482,4700726,Diallo,Amad,MUN,expected,midfielder,7
1131482,4700727,Mbeumo,Bryan,MUN,expected,midfielder,9
1131482,4700728,Rashford,Marcus,MUN,expected,midfielder,8
1131482,4700729,Mount,Mason,MUN,expected,midfielder,5.5
1131482,4700730,Cunha,Matheus,MUN,expected,forward,8.5
1131482,4700731,Zirkzee,Joshua,MUN,expected,forward,6
1131482,4700732,Sesko,Benjamin,MUN,expected,forward,7.5
1131482,4700733,Obi,Chido,MUN,expected,forward,5
1131482,4700734,James,Reece,CHE,expected,defender,5.5
1131482,4700735,Hato,Jorrel,CHE,expected,defender,5
1131482,4700736,Wiley,Caleb,CHE,expected,defender,4.5
1131482,4700737,Sarr,Mamadou,CHE,expected,defender,4.5
1131482,4700738,Slonina,Gabriel,CHE,expected,goalkeeper,4
1131482,4700739,Jørgensen,Filip,CHE,expected,goalkeeper,4.5
1131482,4700740,Badiashile,Benoît,CHE,expected,defender,4.5
1131482,4700741,Fofana,Wesley,CHE,expected,defender,5
1131482,4700742,Adarabioyo,Tosin,CHE,expected,defender,4.5
1131482,4700743,Sánchez,Robert,CHE,expected,goalkeeper,5
1131482,4700744,Disasi,Axel,CHE,expected,defender,4.5
1131482,4700745,Anselmino,Aarón,CHE,expected,defender,4.5
1131482,4700746,Penders,Mike,CHE,expected,goalkeeper,4.5
1131482,4700747,Colwill ,Levi,CHE,expected,defender,5
1131482,4700748,Chalobah ,Trevoh,CHE,expected,defender,5
1131482,4700749,Denner,Denner,CHE,expected,defender,4.5
1131482,4700750,Caicedo,Moisés,CHE,expected,midfielder,5
1131482,4700751,Lavia,Roméo,CHE,expected,midfielder,4.5
1131482,4700752,Palestra,Marco,CHE,expected,defender,5
1131482,4700753,Palmer,Cole,CHE,expected,midfielder,8.5
1131482,4700754,Essugo,Dário,CHE,expected,midfielder,4.5
1131482,4700755,Estêvão,Estêvão,CHE,expected,midfielder,6.5
1131482,4700756,Santos,Andrey,CHE,expected,midfielder,4.5
1131482,4700757,Gittens,Jamie,CHE,expected,midfielder,5
1131482,4700758,Acheampong,Josh,CHE,expected,defender,4.5
1131482,4700759,Fernández,Enzo,CHE,expected,midfielder,8
1131482,4700760,Gusto,Malo,CHE,expected,defender,5.5
1131482,4700761,Garnacho,Alejandro,AVL,expected,midfielder,5.5
1131482,4700762,Pedro,João,CHE,expected,forward,9
1131482,4700763,Quenda,Geovany,CHE,expected,midfielder,6
1131482,4700764,Neto ,Pedro,CHE,expected,midfielder,7.5
1131482,4700765,Delap,Liam,CHE,expected,forward,6.5
1131482,4700766,Fofana,David Datro ,CHE,expected,forward,5
1131482,4700767,Emegha ,Emmanuel,CHE,expected,forward,6
1131482,4700768,Jackson,Nicolas,CHE,expected,forward,7
1131482,4700769,Guiu,Marc,CHE,expected,forward,5.5
1131482,4700770,Kinský,Antonín,TOT,expected,goalkeeper,5
1131482,4700771,Davies ,Ben,TOT,expected,defender,4.5
1131482,4700772,Phillips,Ashley,TOT,expected,defender,4
1131482,4700773,Moore,Mikey,TOT,expected,midfielder,5
1131482,4700775,Odobert ,Wilson,TOT,expected,midfielder,5.5
1131482,4700776,Gray,Archie,TOT,expected,midfielder,4.5
1131482,4700777,van de Ven,Micky,TOT,expected,defender,5.5
1131482,4700778,Bentancur ,Rodrigo,TOT,expected,midfielder,4.5
1131482,4700779,Udogie,Destiny,TOT,expected,defender,4.5
1131482,4700780,Romero ,Cristian,TOT,expected,defender,5
1131482,4700781,Danso,Kevin,TOT,expected,defender,4.5
1131482,4700782,Vicario ,Guglielmo,TOT,expected,goalkeeper,5
1131482,4700784,Takai,Kota,TOT,expected,defender,4
1131482,4700785,Maddison ,James,TOT,expected,midfielder,6
1131482,4700786,Austin,Brandon,TOT,expected,goalkeeper,4
1131482,4700787,Sarr,Pape Matar ,TOT,expected,midfielder,5
1131482,4700788,Vuskovic,Luka,BHA,expected,defender,4.5
1131482,4700789,Dúbravka,Martin,TOT,expected,goalkeeper,4.5
1131482,4700790,Robertson,Andrew,TOT,expected,defender,5
1131482,4700791,Kulusevski ,Dejan,TOT,expected,midfielder,5.5
1131482,4700792,Senesi,Marcos,TOT,expected,defender,5
1131482,4700793,Bergvall,Lucas,TOT,expected,midfielder,4.5
1131482,4700794,Simons ,Xavi,TOT,expected,midfielder,7
1131482,4700795,Solomon,Manor,TOT,expected,midfielder,5
1131482,4700796,Porro,Pedro,TOT,expected,defender,5.5
1131482,4700797,Gallagher,Conor,TOT,expected,midfielder,4.5
1131482,4700798,Spence,Djed,TOT,expected,defender,5
1131482,4700799,van Hecke,Jan Paul ,TOT,expected,defender,5
1131482,4700800,Souza,Souza,TOT,expected,defender,4.5
1131482,4700801,Kudus ,Mohammed,TOT,expected,midfielder,7
1131482,4700802,Fernandes,Mateus,TOT,expected,midfielder,5.5
1131482,4700803,Yang,Minhyeok,TOT,expected,midfielder,4.5
1131482,4700804,Richarlison,Richarlison,TOT,expected,forward,7.5
1131482,4700805,Tel,Mathys,TOT,expected,forward,6
1131482,4700806,Tonali,Sandro,TOT,expected,midfielder,5
1131482,4700807,Solanke,Dominic,TOT,expected,forward,6.5
1131482,4700808,Scarlett,Dane,TOT,expected,forward,5
1131482,4700809,Torres,Pau,AVL,expected,defender,5
1131482,4700810,Onana,Amadou,AVL,expected,midfielder,5
1131482,4700811,Kamara,Boubacar,AVL,expected,midfielder,5
1131482,4700812,Martínez,Emiliano,AVL,expected,goalkeeper,5
1131482,4700813,Rogers,Morgan,CHE,expected,midfielder,9
1131482,4700815,Mings,Tyrone,AVL,expected,defender,4.5
1131482,4700816,Gauci,Joe,AVL,expected,goalkeeper,4
1131482,4700817,Lindelöf,Victor,AVL,expected,defender,4.5
1131482,4700818,Konsa,Ezri,AVL,expected,defender,5
1131482,4700819,Bogarde,Lamare,AVL,expected,midfielder,4.5
1131482,4700820,Bizot,Marco,AVL,expected,goalkeeper,4.5
1131482,4700821,Cissé,Modou Kéba ,AVL,expected,defender,4.5
1131482,4700822,McGinn,John,AVL,expected,midfielder,6
1131482,4700823,Barkley,Ross,AVL,expected,midfielder,5
1131482,4700824,Nedeljkovic,Kosta,AVL,expected,defender,4.5
1131482,4700825,Buendía,Emiliano,AVL,expected,midfielder,6
1131482,4700828,Digne,Lucas,AVL,expected,defender,5.5
1131482,4700829,Maatsen,Ian,AVL,expected,defender,5
1131482,4700830,Iling-Junior,Samuel,AVL,expected,midfielder,4.5
1131482,4700831,Guessand,Evann,AVL,expected,midfielder,5.5
1131482,4700832,Tielemans,Youri,MUN,expected,midfielder,5.5
1131482,4700833,Cash,Matty,AVL,expected,defender,5.5
1131482,4700834,Watkins,Ollie,AVL,expected,forward,8.5
1131482,4700835,Bailey,Leon,AVL,expected,midfielder,5
1131482,4700836,Alysson,Alysson,AVL,expected,midfielder,5
1131482,4700837,Abraham,Tammy,AVL,expected,forward,6
1131482,4700838,Guimarães,Bruno,NEW,expected,midfielder,7
1131482,4700840,Cordero,Antoñito,NEW,expected,midfielder,4.5
1131482,4700841,Burn,Dan,NEW,expected,defender,4.5
1131482,4700842,Thiaw,Malick,NEW,expected,defender,4.5
1131482,4700843,Pope,Nick,NEW,expected,goalkeeper,5
1131482,4700844,Joelinton,Joelinton,NEW,expected,midfielder,4.5
1131482,4700845,Miley ,Lewis,NEW,expected,midfielder,4.5
1131482,4700846,Barnes,Harvey,NEW,expected,midfielder,6
1131482,4700847,Jaouen,Ewen,NEW,expected,goalkeeper,4.5
1131482,4700848,Gillespie,Mark,NEW,expected,goalkeeper,4
1131482,4700849,Hall,Lewis,NEW,expected,defender,4.5
1131482,4700850,Schär,Fabian,NEW,expected,defender,4
1131482,4700851,Willock,Joe,NEW,expected,midfielder,4.5
1131482,4700852,Ramsey,Jacob,NEW,expected,midfielder,5
1131482,4700853,Livramento ,Tino,NEW,expected,defender,4.5
1131482,4700854,Botman,Sven,NEW,expected,defender,4.5
1131482,4700855,Murphy,Alex,NEW,expected,defender,4
1131482,4700856,Touré,Bazoumana,NEW,expected,midfielder,6
1131482,4700857,Elanga,Anthony,NEW,expected,midfielder,5.5
1131482,4700858,Murphy,Jacob,NEW,expected,midfielder,5.5
1131482,4700859,Wissa,Yoane,NEW,expected,forward,6
1131482,4700860,Osula,William,NEW,expected,forward,5.5
1131482,4700861,Woltemade,Nick,NEW,expected,forward,6.5
1131482,4700862,Cashin,Eiran,BHA,expected,defender,4
1131482,4700863,De Cuyper,Maxim,BHA,expected,defender,5
1131482,4700864,Steele,Jason,BHA,expected,goalkeeper,4
1131482,4700865,Boscagli,Olivier,BHA,expected,defender,4.5
1131482,4700866,Wieffer,Mats,BHA,expected,defender,5
1131482,4700867,Gross,Pascal,BHA,expected,midfielder,5
1131482,4700868,Svoboda,Michael,BHA,expected,defender,4
1131482,4700869,Gruda,Brajan,BHA,expected,midfielder,5.5
1131482,4700870,Mitoma,Kaoru,BHA,expected,midfielder,5.5
1131482,4700871,Julio,Igor,BHA,expected,defender,4
1131482,4700872,Buonanotte,Facundo,BHA,expected,midfielder,5
1131482,4700873,Rushworth,Carl,BHA,expected,goalkeeper,4
1131482,4700874,Gómez,Diego,BHA,expected,midfielder,5.5
1131482,4700876,Costinha,Costinha,BHA,expected,defender,4.5
1131482,4700877,Verbruggen,Bart,BHA,expected,goalkeeper,4.5
1131482,4700878,Dunk,Lewis,BHA,expected,defender,4.5
1131482,4700879,Yalcouyé,Malick,BHA,expected,midfielder,4.5
1131482,4700880,Baleba,Carlos,BHA,expected,midfielder,4.5
1131482,4700881,Struijk,Pascal,BHA,expected,defender,4.5
1131482,4700883,Kadıoğlu,Ferdi,BHA,expected,defender,4.5
1131482,4700884,Ayari,Yasin,BHA,expected,midfielder,5.5
1131482,4700885,Hinshelwood,Jack,BHA,expected,midfielder,6
1131482,4700886,O'Riley,Matt,BHA,expected,midfielder,4.5
1131482,4700887,Watson,Tom,BHA,expected,midfielder,4.5
1131482,4700888,Minteh,Yankuba,BHA,expected,midfielder,6.5
1131482,4700889,Osman,Ibrahim,BHA,expected,midfielder,4.5
1131482,4700890,Yohanna,Zadok,BHA,expected,midfielder,5
1131482,4700892,Cozier-Duberry,Amario,BHA,expected,midfielder,4.5
1131482,4700893,Tzimas,Stefanos,BHA,expected,forward,5
1131482,4700894,Kostoulas,Charalampos,BHA,expected,forward,5
1131482,4700895,Welbeck,Danny,BHA,expected,forward,6.5
1131482,4700896,Ferguson,Evan,BHA,expected,forward,5.5
1131482,4700897,Rutter,Georginio,BHA,expected,forward,6
1131482,4700898,Kim,Ji-soo,BRE,expected,defender,4
1131482,4700899,Hickey,Aaron,BRE,expected,defender,4.5
1131482,4700900,Kelleher,Caoimhín,BRE,expected,goalkeeper,4.5
1131482,4700901,Ajer,Kristoffer,BRE,expected,defender,4.5
1131482,4700902,Balcombe,Ellery,BRE,expected,goalkeeper,4
1131482,4700903,van den Berg,Sepp,BRE,expected,defender,4.5
1131482,4700904,Pinnock,Ethan,BRE,expected,defender,4
1131482,4700905,Arthur,Benjamin,BRE,expected,defender,4
1131482,4700906,Henry,Rico,BRE,expected,defender,4.5
1131482,4700907,Valdimarsson,Hákon,BRE,expected,goalkeeper,4
1131482,4700908,Meghoma,Jayden,BRE,expected,defender,4
1131482,4700909,Collins,Nathan,BRE,expected,defender,4.5
1131482,4700910,Lewis-Potter,Keane,BRE,expected,defender,5
1131482,4700911,Cox,Matthew,BRE,expected,goalkeeper,4
1131482,4700912,Schuster,Jannik,BRE,expected,defender,4.5
1131482,4700913,Kayode,Michael,BRE,expected,defender,4.5
1131482,4700914,Dasilva,Josh,BRE,expected,midfielder,4.5
1131482,4700915,Jensen,Mathias,BRE,expected,midfielder,5.5
1131482,4700916,Janelt,Vitaly,BRE,expected,midfielder,5
1131482,4700917,Damsgaard,Mikkel,BRE,expected,midfielder,6
1131482,4700918,Yarmolyuk,Yehor,BRE,expected,midfielder,4.5
1131482,4700919,Nunes,Gustavo,BRE,expected,midfielder,4.5
1131482,4700920,Carvalho,Fábio,BRE,expected,midfielder,5
1131482,4700921,Milambo,Antoni,BRE,expected,midfielder,5
1131482,4700922,Henderson ,Jordan,BRE,expected,midfielder,4.5
1131482,4700923,Konak,Yunus,BRE,expected,midfielder,4.5
1131482,4700924,Schade,Kevin,BRE,expected,midfielder,6.5
1131482,4700925,Ouattara,Dango,BRE,expected,midfielder,6.5
1131482,4700927,Thiago,Igor,BRE,expected,forward,8
1131482,4700928,Furo,Kaye,BRE,expected,forward,5
1131482,4700929,Smith,Adam,BOU,expected,defender,4.5
1131482,4700930,Kluivert,Justin,BOU,expected,midfielder,5.5
1131482,4700931,Diakité,Bafodé,BOU,expected,defender,4.5
1131482,4700932,Soler,Julio,BOU,expected,defender,4
1131482,4700933,Adams,Tyler,BOU,expected,midfielder,5
1131482,4700934,Truffert,Adrien,BOU,expected,defender,5
1131482,4700935,Tóth,Alex,BOU,expected,midfielder,4.5
1131482,4700936,Tavernier,Marcus,BOU,expected,midfielder,6.5
1131482,4700937,Araujo ,Julián,BOU,expected,defender,4
1131482,4700938,Cook,Lewis,BOU,expected,midfielder,4.5
1131482,4700939,Dennis,Will,BOU,expected,goalkeeper,4
1131482,4700940,Christie,Ryan,BOU,expected,midfielder,4.5
1131482,4700941,Scott,Alex,BOU,expected,midfielder,5
1131482,4700942,Milosavljevic,Veljko,BOU,expected,defender,4
1131482,4700945,Forster,Fraser,BOU,expected,goalkeeper,4
1131482,4700946,Hill,James,BOU,expected,defender,4.5
1131482,4700947,Petrovic,Djordje,BOU,expected,goalkeeper,4.5
1131482,4700948,Akinmboni,Matai,BOU,expected,defender,4
1131482,4700949,Aarons,Max,BOU,expected,defender,4
1131482,4700950,Adli,Amine,BOU,expected,midfielder,5
1131482,4700951,Rayan,Rayan,BOU,expected,midfielder,6.5
1131482,4700952,Gannon-Doak,Ben,BOU,expected,midfielder,4.5
1131482,4700953,Evanilson,Evanilson,BOU,expected,forward,6
1131482,4700954,Brooks,David,BOU,expected,midfielder,5
1131482,4700955,Jebbison,Daniel,BOU,expected,forward,5
1131482,4700956,Ünal,Enes,BOU,expected,forward,5
1131482,4700957,Kroupi,Eli,BOU,expected,forward,7
1131482,4700958,Perri,Lucas,LEE,expected,goalkeeper,4.5
1131482,4700959,Cairns,Alex,LEE,expected,goalkeeper,4
1131482,4700960,Byram,Sam,LEE,expected,defender,4
1131482,4700961,Bornauw,Sebastiaan,LEE,expected,defender,4
1131482,4700963,Justin,James,LEE,expected,defender,4.5
1131482,4700964,Crew,Charlie,LEE,expected,midfielder,4.5
1131482,4700965,Gudmundsson,Gabriel,LEE,expected,defender,4.5
1131482,4700966,Ampadu,Ethan,LEE,expected,midfielder,4.5
1131482,4700967,Gruev,Ilia,LEE,expected,midfielder,4.5
1131482,4700968,Aaronson,Brenden,LEE,expected,midfielder,6.5
1131482,4700969,Bogle,Jayden,LEE,expected,defender,4.5
1131482,4700971,Tanaka,Ao,LEE,expected,midfielder,4.5
1131482,4700972,Okafor,Noah,LEE,expected,midfielder,6.5
1131482,4700973,Bijol,Jaka,LEE,expected,defender,4.5
1131482,4700974,Ramazani,Largie,LEE,expected,midfielder,5
1131482,4700975,Rodon,Joe,LEE,expected,defender,4.5
1131482,4700976,Stach,Anton,LEE,expected,midfielder,5.5
1131482,4700977,Longstaff,Sean,LEE,expected,midfielder,4.5
1131482,4700978,Gnonto,Wilfried,LEE,expected,midfielder,5
1131482,4700979,Harrison,Jack,LEE,expected,midfielder,5
1131482,4700980,James,Daniel,LEE,expected,midfielder,5
1131482,4700981,Calvert-Lewin,Dominic,LEE,expected,forward,7
1131482,4700982,Piroe,Joël,LEE,expected,forward,5
1131482,4700983,Joseph ,Mateo,LEE,expected,forward,5
1131482,4700984,Nmecha,Lukas,LEE,expected,forward,6
1131482,4700985,Gelhardt,Joe,LEE,expected,midfielder,5.5
1131482,4700986,George,Tyrique,EVE,expected,midfielder,5
1131482,4700987,Hackney,Hayden,EVE,expected,midfielder,4.5
1131482,4700988,Pickford,Jordan,EVE,expected,goalkeeper,5
1131482,4700989,Armstrong,Harrison,EVE,expected,midfielder,4.5
1131482,4700990,Dibling,Tyler,EVE,expected,midfielder,4.5
1131482,4700991,Branthwaite,Jarrad,EVE,expected,defender,4.5
1131482,4700992,Mykolenko,Vitaliy,EVE,expected,defender,4.5
1131482,4700993,Patterson,Nathan,EVE,expected,defender,4
1131482,4700994,Aznou,Adam,EVE,expected,defender,4
1131482,4700995,King,Tom,EVE,expected,goalkeeper,4
1131482,4700996,Dewsbury-Hall,Kiernan,EVE,expected,midfielder,7
1131482,4700997,O'Brien,Jake,EVE,expected,defender,4.5
1131482,4700998,Ndiaye,Iliman,EVE,expected,midfielder,6.5
1131482,4700999,Alcaraz,Carlos,EVE,expected,midfielder,4.5
1131482,4701000,Keane,Michael,EVE,expected,defender,4.5
1131482,4701001,Barry,Thierno,EVE,expected,forward,6
1131482,4701002,Beto,Beto,EVE,expected,forward,6
1131482,4701003,Iroegbunam,Tim,EVE,expected,midfielder,4.5
1131482,4701004,McNeil,Dwight,EVE,expected,midfielder,5
1131482,4701005,Travers,Mark,EVE,expected,goalkeeper,4.5
1131482,4701006,Garner,James,EVE,expected,midfielder,5.5
1131482,4701007,Röhl,Merlin,EVE,expected,midfielder,5
1131482,4701008,Tarkowski,James,EVE,expected,defender,4.5
1131482,4701009,Morato,Morato,NFO,expected,defender,4.5
1131482,4701010,Ndoye,Dan,NFO,expected,midfielder,5
1131482,4701011,da Silva Moreira,Eric,NFO,expected,defender,4
1131482,4701012,Netz,Luca,NFO,expected,defender,4
1131482,4701013,Milenković,Nikola,NFO,expected,defender,4.5
1131482,4701014,Richards,Omar,NFO,expected,defender,4
1131482,4701015,Sangaré,Ibrahim,NFO,expected,midfielder,5
1131482,4701016,Savona,Nicolò,NFO,expected,defender,4.5
1131482,4701017,Aina ,Ola,NFO,expected,defender,4.5
1131482,4701018,Abbott,Zach,NFO,expected,defender,4
1131482,4701019,Cunha ,Jair,NFO,expected,defender,4.5
1131482,4701020,McAtee,James,NFO,expected,midfielder,4.5
1131482,4701021,Murillo,Murillo,NFO,expected,defender,4.5
1131482,4701022,Bindon,Tyler,NFO,expected,defender,4
1131482,4701023,Victor ,John,NFO,expected,goalkeeper,4.5
1131482,4701024,Hudson-Odoi,Callum,NFO,expected,midfielder,6
1131482,4701025,Domínguez,Nicolás,NFO,expected,midfielder,4.5
1131482,4701026,Gibbs-White,Morgan,NFO,expected,midfielder,8
1131482,4701027,Hutchinson ,Omari,NFO,expected,midfielder,6
1131482,4701028,Williams,Neco,NFO,expected,defender,5
1131482,4701029,Sels,Matz,NFO,expected,goalkeeper,4.5
1131482,4701031,Yates ,Ryan,NFO,expected,midfielder,4.5
1131482,4701032,Bakwa,Dilane,NFO,expected,midfielder,5
1131482,4701033,Kalimuendo,Arnaud,NFO,expected,forward,5.5
1131482,4701034,Wood ,Chris,NFO,expected,forward,5
1131482,4701035,Awoniyi ,Taiwo,NFO,expected,forward,5
1131482,4701036,Jesus,Igor,NFO,expected,forward,6.5
1131482,4701037,Bassey,Calvin,FUL,expected,defender,4.5
1131482,4701038,Cuenca,Jorge,FUL,expected,defender,4
1131482,4701039,Berge,Sander,FUL,expected,midfielder,5
1131482,4701040,Harris,Luke,FUL,expected,midfielder,4.5
1131482,4701041,Reed,Harrison,FUL,expected,midfielder,4.5
1131482,4701042,Smith Rowe,Emile,FUL,expected,midfielder,5.5
1131482,4701043,Leno,Bernd,FUL,expected,goalkeeper,4.5
1131482,4701044,Kevin,Kevin,FUL,expected,midfielder,5.5
1131482,4701045,Andersen,Joachim,FUL,expected,defender,4.5
1131482,4701046,Tete,Kenny,FUL,expected,defender,4.5
1131482,4701047,King,Josh,FUL,expected,midfielder,5
1131482,4701048,Diop,Issa,IPS,expected,defender,4
1131482,4701049,Sessegnon,Ryan,FUL,expected,defender,5
1131482,4701050,Robinson,Antonee,FUL,expected,defender,4.5
1131482,4701051,Castagne,Timothy,FUL,expected,defender,4.5
1131482,4701052,Cairney,Tom,FUL,expected,midfielder,4.5
1131482,4701053,Lecomte,Benjamin,FUL,expected,goalkeeper,4
1131482,4701054,Lukić,Saša,FUL,expected,midfielder,5
1131482,4701055,Bobb ,Oscar,FUL,expected,midfielder,5.5
1131482,4701056,Iwobi,Alex,FUL,expected,midfielder,6
1131482,4701057,Kusi-Asare,Jonah,FUL,expected,forward,5
1131482,4701058,Muniz,Rodrigo,FUL,expected,forward,5.5
1131482,4701059,França,Matheus,CRY,expected,midfielder,4.5
1131482,4701060,Sarr,Ismaïla,CRY,expected,midfielder,6.5
1131482,4701061,Wharton,Adam,CRY,expected,midfielder,5
1131482,4701062,Clyne,Nathaniel,CRY,expected,defender,4
1131482,4701063,Ozoh,David,CRY,expected,midfielder,4.5
1131482,4701064,Kporha ,Caleb,CRY,expected,defender,4
1131482,4701065,Devenny,Justin,CRY,expected,midfielder,4.5
1131482,4701066,Cardines,Rio,CRY,expected,defender,4
1131482,4701067,Hughes,Will,CRY,expected,midfielder,4.5
1131482,4701068,Doucouré,Cheick,CRY,expected,midfielder,4.5
1131482,4701069,Goodman,Owen,CRY,expected,goalkeeper,4
1131482,4701070,Lacroix,Maxence,CRY,expected,defender,4.5
1131482,4701071,Mitchell,Tyrick,CRY,expected,defender,4.5
1131482,4701072,Matthews,Remi,CRY,expected,goalkeeper,4
1131482,4701073,Muñoz,Daniel,CRY,expected,defender,5
1131482,4701074,Richards,Chris,CRY,expected,defender,4.5
1131482,4701075,Sosa,Borna,CRY,expected,defender,4
1131482,4701076,Riad,Chadi,CRY,expected,defender,4.5
1131482,4701077,Benítez,Walter,CRY,expected,goalkeeper,4
1131482,4701078,Lerma,Jefferson,CRY,expected,midfielder,5
1131482,4701079,Henderson,Dean,CRY,expected,goalkeeper,4.5
1131482,4701080,Canvot,Jaydee,CRY,expected,defender,4.5
1131482,4701081,Pino,Yéremy,CRY,expected,midfielder,5.5
1131482,4701082,Esse,Romain,CRY,expected,midfielder,4.5
1131482,4701083,Johnson,Brennan,CRY,expected,midfielder,5.5
1131482,4701084,Mateta,Jean-Philippe,CRY,expected,forward,6.5
1131482,4701085,Rak-Sakyi,Jesurun,CRY,expected,midfielder,4.5
1131482,4701086,Nketiah,Eddie,CRY,expected,forward,5
1131482,4701087,Strand Larsen,Jørgen,CRY,expected,forward,6
1131482,4701088,Sadiki,Noah,SUN,expected,midfielder,5
1131482,4701089,Hjelde,Leo,SUN,expected,defender,4
1131482,4701090,Seelt,Jenson,SUN,expected,defender,4
1131482,4701091,Masuaku,Arthur,SUN,expected,defender,4
1131482,4701092,Mukiele,Nordi,SUN,expected,defender,4.5
1131482,4701093,Ellborg,Melker,SUN,expected,goalkeeper,4
1131482,4701094,Alese,Aji,SUN,expected,defender,4
1131482,4701095,Ballard,Dan,SUN,expected,defender,4.5
1131482,4701096,Adingra,Simon,SUN,expected,midfielder,5
1131482,4701098,Mandava,Reinildo,SUN,expected,defender,4.5
1131482,4701099,O'Nien,Luke,SUN,expected,defender,4
1131482,4701100,Roefs,Robin,SUN,expected,goalkeeper,4.5
1131482,4701101,Alderete,Omar,SUN,expected,defender,4.5
1131482,4701102,Patterson,Anthony,SUN,expected,goalkeeper,4
1131482,4701103,Ba,Abdoullah,SUN,expected,midfielder,4.5
1131482,4701104,Moore,Simon,SUN,expected,goalkeeper,4
1131482,4701105,Browne,Alan,SUN,expected,midfielder,4.5
1131482,4701106,Diarra,Habib,SUN,expected,midfielder,5.5
1131482,4701107,Mundle,Romaine,SUN,expected,midfielder,4.5
1131482,4701108,Xhaka,Granit,SUN,expected,midfielder,5
1131482,4701109,Hume,Trai,SUN,expected,defender,4.5
1131482,4701110,Le Fée,Enzo,SUN,expected,midfielder,6
1131482,4701111,Rigg,Chris,SUN,expected,midfielder,4.5
1131482,4701112,Talbi,Chemsdine,SUN,expected,midfielder,5.5
1131482,4701113,Ta Bi,Jocelin,SUN,expected,midfielder,4.5
1131482,4701114,Angulo,Nilson,SUN,expected,midfielder,4.5
1131482,4701115,Isidor,Wilson,SUN,expected,forward,5.5
1131482,4701116,Brobbey,Brian,SUN,expected,forward,6
1131482,4701117,Semedo,Luís,SUN,expected,forward,5
1131482,4701118,Abdullahi,Ahmed,SUN,expected,forward,5
1131482,4701119,Bidwell,Jake,CVC,expected,defender,4
1131482,4701120,Dovin,Oliver,CVC,expected,goalkeeper,4
1131482,4701121,Sakamoto,Tatsuhiro,CVC,expected,midfielder,5
1131482,4701122,Brau,Miguel Ángel ,CVC,expected,defender,4
1131482,4701123,Onyeka,Frank,CVC,expected,midfielder,4.5
1131482,4701124,Torp,Victor,CVC,expected,midfielder,5
1131482,4701125,Woolfenden,Luke,CVC,expected,defender,4
1131482,4701126,Grimes,Matt,CVC,expected,midfielder,4.5
1131482,4701127,Wilson,Ben,CVC,expected,goalkeeper,4
1131482,4701128,Eccles,Josh,CVC,expected,midfielder,5
1131482,4701129,Borges Rodrigues,Raphael,CVC,expected,midfielder,4.5
1131482,4701130,Latibeaudiere,Joel,CVC,expected,defender,4
1131482,4701131,Kesler-Hayden,Kaine,CVC,expected,defender,4
1131482,4701132,Thomas,Bobby,CVC,expected,defender,4.5
1131482,4701133,Andrews,Kai,CVC,expected,midfielder,4.5
1131482,4701134,Dasilva,Jay,CVC,expected,defender,4.5
1131482,4701135,Kitching,Liam,CVC,expected,defender,4.5
1131482,4701136,van Ewijk,Milan,CVC,expected,defender,4.5
1131482,4701137,Mason-Clark,Ephron,CVC,expected,midfielder,5.5
1131482,4701138,Rudoni,Jack,CVC,expected,midfielder,5.5
1131482,4701139,Thomas-Asante,Brandon,CVC,expected,midfielder,6
1131482,4701140,Markelo,Jahnoah,CVC,expected,midfielder,4.5
1131482,4701141,Wright,Haji,CVC,expected,forward,6
1131482,4701143,Simms,Ellis,CVC,expected,forward,5.5
1131482,4701144,Matusiwa,Azor,IPS,expected,midfielder,4.5
1131482,4701145,Núñez,Marcelino,IPS,expected,midfielder,5
1131482,4701147,Palmer,Alex,IPS,expected,goalkeeper,4
1131482,4701148,Taylor,Jack,IPS,expected,midfielder,4.5
1131482,4701150,Johnson,Ben,IPS,expected,defender,4
1131482,4701151,Mehmeti,Anis,IPS,expected,midfielder,5
1131482,4701152,Burns,Wes,IPS,expected,midfielder,4.5
1131482,4701153,Kipré,Cédric,IPS,expected,defender,4
1131482,4701154,Clarke,Harry,IPS,expected,defender,4
1131482,4701155,Szmodics,Sammie,IPS,expected,midfielder,4.5
1131482,4701156,Greaves,Jacob,IPS,expected,defender,4
1131482,4701157,Furlong,Darnell,IPS,expected,defender,4.5
1131482,4701158,Philogene,Jaden,IPS,expected,midfielder,5.5
1131482,4701159,McAteer,Kasey,IPS,expected,midfielder,4.5
1131482,4701160,O'Shea,Dara,IPS,expected,defender,4.5
1131482,4701161,Humphreys,Cameron,IPS,expected,midfielder,4.5
1131482,4701162,Davis,Leif,IPS,expected,defender,4.5
1131482,4701163,Walton,Christian,IPS,expected,goalkeeper,4.5
1131482,4701164,Ogbene,Chiedozie,IPS,expected,midfielder,4.5
1131482,4701165,Clarke,Jack,IPS,expected,midfielder,5.5
1131482,4701166,Egeli,Sindre Walle ,IPS,expected,midfielder,5
1131482,4701167,Akpom,Chuba,IPS,expected,forward,5
1131482,4701168,Al-Hamadi,Ali,IPS,expected,forward,5
1131482,4701169,Hirst,George,IPS,expected,forward,5.5
1131482,4701170,Butland,Jack,HUL,expected,goalkeeper,4.5
1131482,4701171,Jacob,Matty,HUL,expected,defender,4
1131482,4701172,Drameh,Cody,HUL,expected,defender,4
1131482,4701173,Ömür,Abdülkadir,HUL,expected,midfielder,4.5
1131482,4701174,Millar,Liam,HUL,expected,midfielder,5
1131482,4701175,Lo-Tutala,Thimothee,HUL,expected,goalkeeper,4
1131482,4701176,Gyabi,Darko,HUL,expected,midfielder,4.5
1131482,4701177,Egan,John,HUL,expected,defender,4
1131482,4701178,Matazo,Eliot,HUL,expected,midfielder,4.5
1131482,4701179,Cartwright,Harvey,HUL,expected,goalkeeper,4
1131482,4701180,Hughes,Charlie,HUL,expected,defender,4.5
1131482,4701181,Giles,Ryan,HUL,expected,defender,4.5
1131482,4701182,McNair,Patrick,HUL,expected,defender,4
1131482,4701183,Ajayi,Semi,HUL,expected,defender,4
1131482,4701184,Crooks,Matt,HUL,expected,midfielder,5
1131482,4701185,Phillips,Dillon,HUL,expected,goalkeeper,4
1131482,4701186,Slater,Regan,HUL,expected,midfielder,4.5
1131482,4701187,Coyle,Lewie,HUL,expected,defender,4
1131482,4701188,Dowell,Kieran,HUL,expected,midfielder,4.5
1131482,4701189,Belloumi,Mohamed,HUL,expected,midfielder,5
1131482,4701190,Akintola,Babajide David ,HUL,expected,midfielder,4.5
1131482,4701191,Kamara,Abu,HUL,expected,midfielder,4.5
1131482,4701192,McBurnie,Oliver,HUL,expected,forward,5.5
1131482,4701193,Burstow,Mason,HUL,expected,forward,5
1131482,4701194,Destan,Enis,HUL,expected,forward,5
1131482,4701196,Anthony,Jaidon,BRE,expected,midfielder,6
1131482,4701197,Wilson,Harry,LEE,expected,midfielder,7
1131482,4701198,Emersonn,Emersonn,IPS,expected,forward,5.5
1131482,4701263,Steur,Sean,NEW,expected,midfielder,4.5
1131482,4701264,Meslier,Illan,ARS,expected,goalkeeper,5
1131482,4701265,Wilson,Callum,BRE,expected,forward,5.5
1131482,4701266,Mingueza,Óscar,CRY,expected,defender,4.5
1131482,4702425,Monga,Jeremy,MCI,expected,midfielder,5
1131482,4702426,Tchaouna,Loum,CVC,expected,midfielder,5
1131482,4702980,Darlow,Karl,MUN,expected,goalkeeper,4.5
1131482,4702981,Meunier,Thomas,SUN,expected,defender,4.5
1131482,4704846,Rodríguez,Álvaro,BOU,expected,forward,5.5
1131482,4704847,Amenda,Aurèle,CVC,expected,defender,4.5
1131482,4704848,Manzambi,Johan,AVL,expected,midfielder,6
1131482,4704849,Muharemović,Tarik,LEE,expected,defender,4.5
1131482,4704850,Gomes,Joao,AVL,expected,midfielder,5
1131482,4705077,Fatawu,Abdul,IPS,expected,midfielder,5.5
1131482,4705078,van Oevelen,Kayne,IPS,expected,goalkeeper,4.5
1131482,4705079,Zambrano,Oscar,HUL,expected,midfielder,4.5
1131482,4706247,Targett,Matt,HUL,expected,defender,4
1131482,4706248,Tzolis,Christos,ARS,expected,midfielder,7.5
1131482,4706249,Schlager,Xaver,NFO,expected,midfielder,4.5
1131482,4706513,Bamba,Aladji,NEW,expected,midfielder,4.5